Source,Target,Weight,Type
1331JurjiZaydan_AbuMuslimKhurasani,1331JurjiZaydan_AhmadIbnTulun,17,undirected
1331JurjiZaydan_AbuMuslimKhurasani,1331JurjiZaydan_AminWaMamun,16,undirected
1331JurjiZaydan_AbuMuslimKhurasani,1331JurjiZaydan_CabbasaUkhtRashid,248,undirected
1331JurjiZaydan_AbuMuslimKhurasani,1331JurjiZaydan_CarusFarghana,12,undirected
1331JurjiZaydan_AbuMuslimKhurasani,1331JurjiZaydan_FatatGhassan,27,undirected
1331JurjiZaydan_AbuMuslimKhurasani,1331JurjiZaydan_FatatQayruwan,2,undirected
1331JurjiZaydan_AbuMuslimKhurasani,1331JurjiZaydan_FathAndalus,179,undirected
1331JurjiZaydan_AbuMuslimKhurasani,1331JurjiZaydan_HajjajIbnYusuf,22,undirected
1331JurjiZaydan_AbuMuslimKhurasani,1331JurjiZaydan_InqilabCuthmani,31,undirected
1331JurjiZaydan_AbuMuslimKhurasani,1331JurjiZaydan_Ramadan17,45,undirected
1331JurjiZaydan_AbuMuslimKhurasani,1331JurjiZaydan_SalahDinAyyubi,8,undirected
1331JurjiZaydan_AbuMuslimKhurasani,1331JurjiZaydan_SharlWaCabdRahman,32,undirected
1331JurjiZaydan_AhmadIbnTulun,1331JurjiZaydan_AbuMuslimKhurasani,17,undirected
1331JurjiZaydan_AhmadIbnTulun,1331JurjiZaydan_AminWaMamun,168,undirected
1331JurjiZaydan_AhmadIbnTulun,1331JurjiZaydan_ArmanusaMisriyya,9,undirected
1331JurjiZaydan_AhmadIbnTulun,1331JurjiZaydan_CabdRahmanNasir,22,undirected
1331JurjiZaydan_AhmadIbnTulun,1331JurjiZaydan_CarusFarghana,255,undirected
1331JurjiZaydan_AhmadIbnTulun,1331JurjiZaydan_FatatGhassan,1,undirected
1331JurjiZaydan_AhmadIbnTulun,1331JurjiZaydan_FatatQayruwan,1,undirected
1331JurjiZaydan_AhmadIbnTulun,1331JurjiZaydan_FathAndalus,5,undirected
1331JurjiZaydan_AhmadIbnTulun,1331JurjiZaydan_HajjajIbnYusuf,3,undirected
1331JurjiZaydan_AhmadIbnTulun,1331JurjiZaydan_InqilabCuthmani,9,undirected
1331JurjiZaydan_AhmadIbnTulun,1331JurjiZaydan_SalahDinAyyubi,3,undirected
1331JurjiZaydan_AhmadIbnTulun,1331JurjiZaydan_ShajaratDurr,6,undirected
1331JurjiZaydan_AminWaMamun,1331JurjiZaydan_AbuMuslimKhurasani,16,undirected
1331JurjiZaydan_AminWaMamun,1331JurjiZaydan_AhmadIbnTulun,168,undirected
1331JurjiZaydan_AminWaMamun,1331JurjiZaydan_ArmanusaMisriyya,6,undirected
1331JurjiZaydan_AminWaMamun,1331JurjiZaydan_CabbasaUkhtRashid,170,undirected
1331JurjiZaydan_AminWaMamun,1331JurjiZaydan_CabdRahmanNasir,11,undirected
1331JurjiZaydan_AminWaMamun,1331JurjiZaydan_CadhraQuraysh,35,undirected
1331JurjiZaydan_AminWaMamun,1331JurjiZaydan_CarusFarghana,229,undirected
1331JurjiZaydan_AminWaMamun,1331JurjiZaydan_FatatQayruwan,122,undirected
1331JurjiZaydan_AminWaMamun,1331JurjiZaydan_GhadatKarbala,8,undirected
1331JurjiZaydan_AminWaMamun,1331JurjiZaydan_InqilabCuthmani,1,undirected
1331JurjiZaydan_AminWaMamun,1331JurjiZaydan_JihadMuhibbin,2,undirected
1331JurjiZaydan_AminWaMamun,1331JurjiZaydan_SalahDinAyyubi,1,undirected
1331JurjiZaydan_AminWaMamun,1331JurjiZaydan_ShajaratDurr,14,undirected
1331JurjiZaydan_AminWaMamun,1331JurjiZaydan_SharlWaCabdRahman,2,undirected
1331JurjiZaydan_ArmanusaMisriyya,1331JurjiZaydan_AhmadIbnTulun,9,undirected
1331JurjiZaydan_ArmanusaMisriyya,1331JurjiZaydan_AminWaMamun,6,undirected
1331JurjiZaydan_ArmanusaMisriyya,1331JurjiZaydan_AsirMutamahdi,160,undirected
1331JurjiZaydan_ArmanusaMisriyya,1331JurjiZaydan_FatatGhassan,297,undirected
1331JurjiZaydan_ArmanusaMisriyya,1331JurjiZaydan_GhadatKarbala,12,undirected
1331JurjiZaydan_ArmanusaMisriyya,1331JurjiZaydan_HajjajIbnYusuf,2,undirected
1331JurjiZaydan_ArmanusaMisriyya,1331JurjiZaydan_MamlukSharid,24,undirected
1331JurjiZaydan_ArmanusaMisriyya,1331JurjiZaydan_Ramadan17,27,undirected
1331JurjiZaydan_ArmanusaMisriyya,1331JurjiZaydan_SharlWaCabdRahman,24,undirected
1331JurjiZaydan_AsirMutamahdi,1331JurjiZaydan_ArmanusaMisriyya,160,undirected
1331JurjiZaydan_AsirMutamahdi,1331JurjiZaydan_FatatGhassan,89,undirected
1331JurjiZaydan_AsirMutamahdi,1331JurjiZaydan_IstibdadMamalik,14,undirected
1331JurjiZaydan_AsirMutamahdi,1331JurjiZaydan_JihadMuhibbin,73,undirected
1331JurjiZaydan_AsirMutamahdi,1331JurjiZaydan_MamlukSharid,290,undirected
1331JurjiZaydan_AsirMutamahdi,1331JurjiZaydan_Ramadan17,2,undirected
1331JurjiZaydan_CabbasaUkhtRashid,1331JurjiZaydan_AbuMuslimKhurasani,248,undirected
1331JurjiZaydan_CabbasaUkhtRashid,1331JurjiZaydan_AminWaMamun,170,undirected
1331JurjiZaydan_CabbasaUkhtRashid,1331JurjiZaydan_CabdRahmanNasir,46,undirected
1331JurjiZaydan_CabbasaUkhtRashid,1331JurjiZaydan_FathAndalus,159,undirected
1331JurjiZaydan_CabbasaUkhtRashid,1331JurjiZaydan_InqilabCuthmani,39,undirected
1331JurjiZaydan_CabbasaUkhtRashid,1331JurjiZaydan_SalahDinAyyubi,3,undirected
1331JurjiZaydan_CabbasaUkhtRashid,1331JurjiZaydan_SharlWaCabdRahman,5,undirected
1331JurjiZaydan_CabdRahmanNasir,1331JurjiZaydan_AhmadIbnTulun,22,undirected
1331JurjiZaydan_CabdRahmanNasir,1331JurjiZaydan_AminWaMamun,11,undirected
1331JurjiZaydan_CabdRahmanNasir,1331JurjiZaydan_CabbasaUkhtRashid,46,undirected
1331JurjiZaydan_CabdRahmanNasir,1331JurjiZaydan_CarusFarghana,18,undirected
1331JurjiZaydan_CabdRahmanNasir,1331JurjiZaydan_FatatQayruwan,4,undirected
1331JurjiZaydan_CabdRahmanNasir,1331JurjiZaydan_GhadatKarbala,7,undirected
1331JurjiZaydan_CabdRahmanNasir,1331JurjiZaydan_HajjajIbnYusuf,9,undirected
1331JurjiZaydan_CabdRahmanNasir,1331JurjiZaydan_InqilabCuthmani,11,undirected
1331JurjiZaydan_CabdRahmanNasir,1331JurjiZaydan_Ramadan17,41,undirected
1331JurjiZaydan_CabdRahmanNasir,1331JurjiZaydan_SalahDinAyyubi,220,undirected
1331JurjiZaydan_CabdRahmanNasir,1331JurjiZaydan_ShajaratDurr,76,undirected
1331JurjiZaydan_CadhraQuraysh,1331JurjiZaydan_AminWaMamun,35,undirected
1331JurjiZaydan_CadhraQuraysh,1331JurjiZaydan_CarusFarghana,18,undirected
1331JurjiZaydan_CadhraQuraysh,1331JurjiZaydan_FatatGhassan,21,undirected
1331JurjiZaydan_CadhraQuraysh,1331JurjiZaydan_FatatQayruwan,4,undirected
1331JurjiZaydan_CadhraQuraysh,1331JurjiZaydan_GhadatKarbala,268,undirected
1331JurjiZaydan_CadhraQuraysh,1331JurjiZaydan_HajjajIbnYusuf,58,undirected
1331JurjiZaydan_CadhraQuraysh,1331JurjiZaydan_JihadMuhibbin,33,undirected
1331JurjiZaydan_CadhraQuraysh,1331JurjiZaydan_Ramadan17,15,undirected
1331JurjiZaydan_CadhraQuraysh,1331JurjiZaydan_SharlWaCabdRahman,7,undirected
1331JurjiZaydan_CarusFarghana,1331JurjiZaydan_AbuMuslimKhurasani,12,undirected
1331JurjiZaydan_CarusFarghana,1331JurjiZaydan_AhmadIbnTulun,255,undirected
1331JurjiZaydan_CarusFarghana,1331JurjiZaydan_AminWaMamun,229,undirected
1331JurjiZaydan_CarusFarghana,1331JurjiZaydan_CabdRahmanNasir,18,undirected
1331JurjiZaydan_CarusFarghana,1331JurjiZaydan_CadhraQuraysh,18,undirected
1331JurjiZaydan_CarusFarghana,1331JurjiZaydan_FatatGhassan,6,undirected
1331JurjiZaydan_CarusFarghana,1331JurjiZaydan_GhadatKarbala,4,undirected
1331JurjiZaydan_CarusFarghana,1331JurjiZaydan_HajjajIbnYusuf,1,undirected
1331JurjiZaydan_CarusFarghana,1331JurjiZaydan_SalahDinAyyubi,2,undirected
1331JurjiZaydan_CarusFarghana,1331JurjiZaydan_ShajaratDurr,58,undirected
1331JurjiZaydan_FatatGhassan,1331JurjiZaydan_AbuMuslimKhurasani,27,undirected
1331JurjiZaydan_FatatGhassan,1331JurjiZaydan_AhmadIbnTulun,1,undirected
1331JurjiZaydan_FatatGhassan,1331JurjiZaydan_ArmanusaMisriyya,297,undirected
1331JurjiZaydan_FatatGhassan,1331JurjiZaydan_AsirMutamahdi,89,undirected
1331JurjiZaydan_FatatGhassan,1331JurjiZaydan_CadhraQuraysh,21,undirected
1331JurjiZaydan_FatatGhassan,1331JurjiZaydan_CarusFarghana,6,undirected
1331JurjiZaydan_FatatGhassan,1331JurjiZaydan_FathAndalus,27,undirected
1331JurjiZaydan_FatatGhassan,1331JurjiZaydan_GhadatKarbala,62,undirected
1331JurjiZaydan_FatatGhassan,1331JurjiZaydan_HajjajIbnYusuf,60,undirected
1331JurjiZaydan_FatatGhassan,1331JurjiZaydan_IstibdadMamalik,37,undirected
1331JurjiZaydan_FatatGhassan,1331JurjiZaydan_MamlukSharid,79,undirected
1331JurjiZaydan_FatatGhassan,1331JurjiZaydan_Ramadan17,214,undirected
1331JurjiZaydan_FatatGhassan,1331JurjiZaydan_SharlWaCabdRahman,91,undirected
1331JurjiZaydan_FatatQayruwan,1331JurjiZaydan_AbuMuslimKhurasani,2,undirected
1331JurjiZaydan_FatatQayruwan,1331JurjiZaydan_AhmadIbnTulun,1,undirected
1331JurjiZaydan_FatatQayruwan,1331JurjiZaydan_AminWaMamun,122,undirected
1331JurjiZaydan_FatatQayruwan,1331JurjiZaydan_CabdRahmanNasir,4,undirected
1331JurjiZaydan_FatatQayruwan,1331JurjiZaydan_CadhraQuraysh,4,undirected
1331JurjiZaydan_FatatQayruwan,1331JurjiZaydan_InqilabCuthmani,17,undirected
1331JurjiZaydan_FatatQayruwan,1331JurjiZaydan_SalahDinAyyubi,72,undirected
1331JurjiZaydan_FatatQayruwan,1331JurjiZaydan_ShajaratDurr,222,undirected
1331JurjiZaydan_FathAndalus,1331JurjiZaydan_AbuMuslimKhurasani,179,undirected
1331JurjiZaydan_FathAndalus,1331JurjiZaydan_AhmadIbnTulun,5,undirected
1331JurjiZaydan_FathAndalus,1331JurjiZaydan_CabbasaUkhtRashid,159,undirected
1331JurjiZaydan_FathAndalus,1331JurjiZaydan_FatatGhassan,27,undirected
1331JurjiZaydan_FathAndalus,1331JurjiZaydan_InqilabCuthmani,27,undirected
1331JurjiZaydan_FathAndalus,1331JurjiZaydan_MamlukSharid,7,undirected
1331JurjiZaydan_FathAndalus,1331JurjiZaydan_Ramadan17,4,undirected
1331JurjiZaydan_FathAndalus,1331JurjiZaydan_SharlWaCabdRahman,274,undirected
1331JurjiZaydan_GhadatKarbala,1331JurjiZaydan_AminWaMamun,8,undirected
1331JurjiZaydan_GhadatKarbala,1331JurjiZaydan_ArmanusaMisriyya,12,undirected
1331JurjiZaydan_GhadatKarbala,1331JurjiZaydan_CabdRahmanNasir,7,undirected
1331JurjiZaydan_GhadatKarbala,1331JurjiZaydan_CadhraQuraysh,268,undirected
1331JurjiZaydan_GhadatKarbala,1331JurjiZaydan_CarusFarghana,4,undirected
1331JurjiZaydan_GhadatKarbala,1331JurjiZaydan_FatatGhassan,62,undirected
1331JurjiZaydan_GhadatKarbala,1331JurjiZaydan_HajjajIbnYusuf,226,undirected
1331JurjiZaydan_GhadatKarbala,1331JurjiZaydan_Ramadan17,122,undirected
1331JurjiZaydan_GhadatKarbala,1331JurjiZaydan_SharlWaCabdRahman,45,undirected
1331JurjiZaydan_HajjajIbnYusuf,1331JurjiZaydan_AbuMuslimKhurasani,22,undirected
1331JurjiZaydan_HajjajIbnYusuf,1331JurjiZaydan_AhmadIbnTulun,3,undirected
1331JurjiZaydan_HajjajIbnYusuf,1331JurjiZaydan_ArmanusaMisriyya,2,undirected
1331JurjiZaydan_HajjajIbnYusuf,1331JurjiZaydan_CabdRahmanNasir,9,undirected
1331JurjiZaydan_HajjajIbnYusuf,1331JurjiZaydan_CadhraQuraysh,58,undirected
1331JurjiZaydan_HajjajIbnYusuf,1331JurjiZaydan_CarusFarghana,1,undirected
1331JurjiZaydan_HajjajIbnYusuf,1331JurjiZaydan_FatatGhassan,60,undirected
1331JurjiZaydan_HajjajIbnYusuf,1331JurjiZaydan_GhadatKarbala,226,undirected
1331JurjiZaydan_HajjajIbnYusuf,1331JurjiZaydan_IstibdadMamalik,5,undirected
1331JurjiZaydan_HajjajIbnYusuf,1331JurjiZaydan_Ramadan17,124,undirected
1331JurjiZaydan_InqilabCuthmani,1331JurjiZaydan_AbuMuslimKhurasani,31,undirected
1331JurjiZaydan_InqilabCuthmani,1331JurjiZaydan_AhmadIbnTulun,9,undirected
1331JurjiZaydan_InqilabCuthmani,1331JurjiZaydan_AminWaMamun,1,undirected
1331JurjiZaydan_InqilabCuthmani,1331JurjiZaydan_CabbasaUkhtRashid,39,undirected
1331JurjiZaydan_InqilabCuthmani,1331JurjiZaydan_CabdRahmanNasir,11,undirected
1331JurjiZaydan_InqilabCuthmani,1331JurjiZaydan_FatatQayruwan,17,undirected
1331JurjiZaydan_InqilabCuthmani,1331JurjiZaydan_FathAndalus,27,undirected
1331JurjiZaydan_InqilabCuthmani,1331JurjiZaydan_IstibdadMamalik,26,undirected
1331JurjiZaydan_InqilabCuthmani,1331JurjiZaydan_JihadMuhibbin,13,undirected
1331JurjiZaydan_InqilabCuthmani,1331JurjiZaydan_SalahDinAyyubi,134,undirected
1331JurjiZaydan_InqilabCuthmani,1331JurjiZaydan_ShajaratDurr,69,undirected
1331JurjiZaydan_InqilabCuthmani,1331JurjiZaydan_SharlWaCabdRahman,42,undirected
1331JurjiZaydan_IstibdadMamalik,1331JurjiZaydan_AsirMutamahdi,14,undirected
1331JurjiZaydan_IstibdadMamalik,1331JurjiZaydan_FatatGhassan,37,undirected
1331JurjiZaydan_IstibdadMamalik,1331JurjiZaydan_HajjajIbnYusuf,5,undirected
1331JurjiZaydan_IstibdadMamalik,1331JurjiZaydan_InqilabCuthmani,26,undirected
1331JurjiZaydan_IstibdadMamalik,1331JurjiZaydan_JihadMuhibbin,273,undirected
1331JurjiZaydan_IstibdadMamalik,1331JurjiZaydan_MamlukSharid,130,undirected
1331JurjiZaydan_JihadMuhibbin,1331JurjiZaydan_AminWaMamun,2,undirected
1331JurjiZaydan_JihadMuhibbin,1331JurjiZaydan_AsirMutamahdi,73,undirected
1331JurjiZaydan_JihadMuhibbin,1331JurjiZaydan_CadhraQuraysh,33,undirected
1331JurjiZaydan_JihadMuhibbin,1331JurjiZaydan_InqilabCuthmani,13,undirected
1331JurjiZaydan_JihadMuhibbin,1331JurjiZaydan_IstibdadMamalik,273,undirected
1331JurjiZaydan_JihadMuhibbin,1331JurjiZaydan_MamlukSharid,9,undirected
1331JurjiZaydan_JihadMuhibbin,1331JurjiZaydan_SharlWaCabdRahman,2,undirected
1331JurjiZaydan_JihadMuhibbin,1342MustafaLutfiManfaluti_Cabarat,7,undirected
1331JurjiZaydan_JihadMuhibbin,1375MuhammadHusaynHaykal_QisasMisriyya,20,undirected
1331JurjiZaydan_MamlukSharid,1331JurjiZaydan_ArmanusaMisriyya,24,undirected
1331JurjiZaydan_MamlukSharid,1331JurjiZaydan_AsirMutamahdi,290,undirected
1331JurjiZaydan_MamlukSharid,1331JurjiZaydan_FatatGhassan,79,undirected
1331JurjiZaydan_MamlukSharid,1331JurjiZaydan_FathAndalus,7,undirected
1331JurjiZaydan_MamlukSharid,1331JurjiZaydan_IstibdadMamalik,130,undirected
1331JurjiZaydan_MamlukSharid,1331JurjiZaydan_JihadMuhibbin,9,undirected
1331JurjiZaydan_Ramadan17,1331JurjiZaydan_AbuMuslimKhurasani,45,undirected
1331JurjiZaydan_Ramadan17,1331JurjiZaydan_ArmanusaMisriyya,27,undirected
1331JurjiZaydan_Ramadan17,1331JurjiZaydan_AsirMutamahdi,2,undirected
1331JurjiZaydan_Ramadan17,1331JurjiZaydan_CabdRahmanNasir,41,undirected
1331JurjiZaydan_Ramadan17,1331JurjiZaydan_CadhraQuraysh,15,undirected
1331JurjiZaydan_Ramadan17,1331JurjiZaydan_FatatGhassan,214,undirected
1331JurjiZaydan_Ramadan17,1331JurjiZaydan_FathAndalus,4,undirected
1331JurjiZaydan_Ramadan17,1331JurjiZaydan_GhadatKarbala,122,undirected
1331JurjiZaydan_Ramadan17,1331JurjiZaydan_HajjajIbnYusuf,124,undirected
1331JurjiZaydan_SalahDinAyyubi,1331JurjiZaydan_AbuMuslimKhurasani,8,undirected
1331JurjiZaydan_SalahDinAyyubi,1331JurjiZaydan_AhmadIbnTulun,3,undirected
1331JurjiZaydan_SalahDinAyyubi,1331JurjiZaydan_AminWaMamun,1,undirected
1331JurjiZaydan_SalahDinAyyubi,1331JurjiZaydan_CabbasaUkhtRashid,3,undirected
1331JurjiZaydan_SalahDinAyyubi,1331JurjiZaydan_CabdRahmanNasir,220,undirected
1331JurjiZaydan_SalahDinAyyubi,1331JurjiZaydan_CarusFarghana,2,undirected
1331JurjiZaydan_SalahDinAyyubi,1331JurjiZaydan_FatatQayruwan,72,undirected
1331JurjiZaydan_SalahDinAyyubi,1331JurjiZaydan_InqilabCuthmani,134,undirected
1331JurjiZaydan_SalahDinAyyubi,1331JurjiZaydan_ShajaratDurr,295,undirected
1331JurjiZaydan_ShajaratDurr,1331JurjiZaydan_AhmadIbnTulun,6,undirected
1331JurjiZaydan_ShajaratDurr,1331JurjiZaydan_AminWaMamun,14,undirected
1331JurjiZaydan_ShajaratDurr,1331JurjiZaydan_CabdRahmanNasir,76,undirected
1331JurjiZaydan_ShajaratDurr,1331JurjiZaydan_CarusFarghana,58,undirected
1331JurjiZaydan_ShajaratDurr,1331JurjiZaydan_FatatQayruwan,222,undirected
1331JurjiZaydan_ShajaratDurr,1331JurjiZaydan_InqilabCuthmani,69,undirected
1331JurjiZaydan_ShajaratDurr,1331JurjiZaydan_SalahDinAyyubi,295,undirected
1331JurjiZaydan_SharlWaCabdRahman,1331JurjiZaydan_AbuMuslimKhurasani,32,undirected
1331JurjiZaydan_SharlWaCabdRahman,1331JurjiZaydan_AminWaMamun,2,undirected
1331JurjiZaydan_SharlWaCabdRahman,1331JurjiZaydan_ArmanusaMisriyya,24,undirected
1331JurjiZaydan_SharlWaCabdRahman,1331JurjiZaydan_CabbasaUkhtRashid,5,undirected
1331JurjiZaydan_SharlWaCabdRahman,1331JurjiZaydan_CadhraQuraysh,7,undirected
1331JurjiZaydan_SharlWaCabdRahman,1331JurjiZaydan_FatatGhassan,91,undirected
1331JurjiZaydan_SharlWaCabdRahman,1331JurjiZaydan_FathAndalus,274,undirected
1331JurjiZaydan_SharlWaCabdRahman,1331JurjiZaydan_GhadatKarbala,45,undirected
1331JurjiZaydan_SharlWaCabdRahman,1331JurjiZaydan_InqilabCuthmani,42,undirected
1331JurjiZaydan_SharlWaCabdRahman,1331JurjiZaydan_JihadMuhibbin,2,undirected
1342MustafaLutfiManfaluti_Cabarat,1331JurjiZaydan_JihadMuhibbin,7,undirected
1342MustafaLutfiManfaluti_Cabarat,1342MustafaLutfiManfaluti_Fadila,217,undirected
1342MustafaLutfiManfaluti_Cabarat,1342MustafaLutfiManfaluti_FiSabilTaj,97,undirected
1342MustafaLutfiManfaluti_Cabarat,1342MustafaLutfiManfaluti_Majdulin,300,undirected
1342MustafaLutfiManfaluti_Cabarat,1342MustafaLutfiManfaluti_Shacir,50,undirected
1342MustafaLutfiManfaluti_Cabarat,1349JibranKhalilJibran_AjnihaMutakassira,4,undirected
1342MustafaLutfiManfaluti_Cabarat,1375MuhammadHusaynHaykal_Zaynab,19,undirected
1342MustafaLutfiManfaluti_Fadila,1342MustafaLutfiManfaluti_Cabarat,217,undirected
1342MustafaLutfiManfaluti_Fadila,1342MustafaLutfiManfaluti_FiSabilTaj,61,undirected
1342MustafaLutfiManfaluti_Fadila,1342MustafaLutfiManfaluti_Majdulin,203,undirected
1342MustafaLutfiManfaluti_Fadila,1349JibranKhalilJibran_AjnihaMutakassira,75,undirected
1342MustafaLutfiManfaluti_Fadila,1349JibranKhalilJibran_ArwahMutamarrida,1,undirected
1342MustafaLutfiManfaluti_Fadila,1375MuhammadHusaynHaykal_Zaynab,111,undirected
1342MustafaLutfiManfaluti_FiSabilTaj,1342MustafaLutfiManfaluti_Cabarat,97,undirected
1342MustafaLutfiManfaluti_FiSabilTaj,1342MustafaLutfiManfaluti_Fadila,61,undirected
1342MustafaLutfiManfaluti_FiSabilTaj,1342MustafaLutfiManfaluti_Majdulin,202,undirected
1342MustafaLutfiManfaluti_FiSabilTaj,1342MustafaLutfiManfaluti_Shacir,260,undirected
1342MustafaLutfiManfaluti_FiSabilTaj,1349JibranKhalilJibran_ArwahMutamarrida,4,undirected
1342MustafaLutfiManfaluti_Majdulin,1342MustafaLutfiManfaluti_Cabarat,300,undirected
1342MustafaLutfiManfaluti_Majdulin,1342MustafaLutfiManfaluti_Fadila,203,undirected
1342MustafaLutfiManfaluti_Majdulin,1342MustafaLutfiManfaluti_FiSabilTaj,202,undirected
1342MustafaLutfiManfaluti_Majdulin,1342MustafaLutfiManfaluti_Shacir,110,undirected
1342MustafaLutfiManfaluti_Majdulin,1375MuhammadHusaynHaykal_Zaynab,10,undirected
1342MustafaLutfiManfaluti_Shacir,1342MustafaLutfiManfaluti_Cabarat,50,undirected
1342MustafaLutfiManfaluti_Shacir,1342MustafaLutfiManfaluti_FiSabilTaj,260,undirected
1342MustafaLutfiManfaluti_Shacir,1342MustafaLutfiManfaluti_Majdulin,110,undirected
1349JibranKhalilJibran_AjnihaMutakassira,1342MustafaLutfiManfaluti_Cabarat,4,undirected
1349JibranKhalilJibran_AjnihaMutakassira,1342MustafaLutfiManfaluti_Fadila,75,undirected
1349JibranKhalilJibran_AjnihaMutakassira,1349JibranKhalilJibran_ArwahMutamarrida,300,undirected
1349JibranKhalilJibran_AjnihaMutakassira,1373NiqulaHaddad_DawlatSayyidatFiMamlakatNisa,49,undirected
1349JibranKhalilJibran_AjnihaMutakassira,1373NiqulaHaddad_HawaJadida,3,undirected
1349JibranKhalilJibran_AjnihaMutakassira,1373NiqulaHaddad_ThawraFiJahannam,11,undirected
1349JibranKhalilJibran_AjnihaMutakassira,1375MuhammadHusaynHaykal_Zaynab,8,undirected
1349JibranKhalilJibran_ArwahMutamarrida,1342MustafaLutfiManfaluti_Fadila,1,undirected
1349JibranKhalilJibran_ArwahMutamarrida,1342MustafaLutfiManfaluti_FiSabilTaj,4,undirected
1349JibranKhalilJibran_ArwahMutamarrida,1349JibranKhalilJibran_AjnihaMutakassira,300,undirected
1349JibranKhalilJibran_ArwahMutamarrida,1368CaliJarim_SahmMasmum,8,undirected
1349JibranKhalilJibran_ArwahMutamarrida,1368CaliJarim_ShacirMalik,2,undirected
1349JibranKhalilJibran_ArwahMutamarrida,1373NiqulaHaddad_DawlatSayyidatFiMamlakatNisa,78,undirected
1349JibranKhalilJibran_ArwahMutamarrida,1373NiqulaHaddad_ThawraFiJahannam,61,undirected
1368CaliJarim_FarisBaniHamdan,1368CaliJarim_FarisMulaththam,23,undirected
1368CaliJarim_FarisBaniHamdan,1368CaliJarim_GhadatRashid,139,undirected
1368CaliJarim_FarisBaniHamdan,1368CaliJarim_HatifMinAndalus,213,undirected
1368CaliJarim_FarisBaniHamdan,1368CaliJarim_KhatimatMataf,114,undirected
1368CaliJarim_FarisBaniHamdan,1368CaliJarim_SahmMasmum,123,undirected
1368CaliJarim_FarisBaniHamdan,1368CaliJarim_SayyidatQusur,5,undirected
1368CaliJarim_FarisBaniHamdan,1368CaliJarim_ShacirMalik,19,undirected
1368CaliJarim_FarisBaniHamdan,1368CaliJarim_ShacirTamuh,57,undirected
1368CaliJarim_FarisMulaththam,1368CaliJarim_FarisBaniHamdan,23,undirected
1368CaliJarim_FarisMulaththam,1368CaliJarim_GhadatRashid,32,undirected
1368CaliJarim_FarisMulaththam,1368CaliJarim_HatifMinAndalus,111,undirected
1368CaliJarim_FarisMulaththam,1368CaliJarim_MarahWalid,12,undirected
1368CaliJarim_FarisMulaththam,1368CaliJarim_SahmMasmum,161,undirected
1368CaliJarim_FarisMulaththam,1368CaliJarim_SayyidatQusur,5,undirected
1368CaliJarim_FarisMulaththam,1368CaliJarim_ShacirTamuh,18,undirected
1368CaliJarim_GhadatRashid,1368CaliJarim_FarisBaniHamdan,139,undirected
1368CaliJarim_GhadatRashid,1368CaliJarim_FarisMulaththam,32,undirected
1368CaliJarim_GhadatRashid,1368CaliJarim_HatifMinAndalus,98,undirected
1368CaliJarim_GhadatRashid,1368CaliJarim_KhatimatMataf,16,undirected
1368CaliJarim_GhadatRashid,1368CaliJarim_MarahWalid,1,undirected
1368CaliJarim_GhadatRashid,1368CaliJarim_SahmMasmum,13,undirected
1368CaliJarim_GhadatRashid,1368CaliJarim_SayyidatQusur,178,undirected
1368CaliJarim_GhadatRashid,1368CaliJarim_ShacirMalik,3,undirected
1368CaliJarim_GhadatRashid,1368CaliJarim_ShacirTamuh,24,undirected
1368CaliJarim_HatifMinAndalus,1368CaliJarim_FarisBaniHamdan,213,undirected
1368CaliJarim_HatifMinAndalus,1368CaliJarim_FarisMulaththam,111,undirected
1368CaliJarim_HatifMinAndalus,1368CaliJarim_GhadatRashid,98,undirected
1368CaliJarim_HatifMinAndalus,1368CaliJarim_KhatimatMataf,186,undirected
1368CaliJarim_HatifMinAndalus,1368CaliJarim_MarahWalid,51,undirected
1368CaliJarim_HatifMinAndalus,1368CaliJarim_SahmMasmum,96,undirected
1368CaliJarim_HatifMinAndalus,1368CaliJarim_SayyidatQusur,42,undirected
1368CaliJarim_HatifMinAndalus,1368CaliJarim_ShacirMalik,42,undirected
1368CaliJarim_HatifMinAndalus,1368CaliJarim_ShacirTamuh,157,undirected
1368CaliJarim_KhatimatMataf,1368CaliJarim_FarisBaniHamdan,114,undirected
1368CaliJarim_KhatimatMataf,1368CaliJarim_GhadatRashid,16,undirected
1368CaliJarim_KhatimatMataf,1368CaliJarim_HatifMinAndalus,186,undirected
1368CaliJarim_KhatimatMataf,1368CaliJarim_MarahWalid,137,undirected
1368CaliJarim_KhatimatMataf,1368CaliJarim_SahmMasmum,4,undirected
1368CaliJarim_KhatimatMataf,1368CaliJarim_SayyidatQusur,173,undirected
1368CaliJarim_KhatimatMataf,1368CaliJarim_ShacirMalik,56,undirected
1368CaliJarim_KhatimatMataf,1368CaliJarim_ShacirTamuh,296,undirected
1368CaliJarim_MarahWalid,1368CaliJarim_FarisMulaththam,12,undirected
1368CaliJarim_MarahWalid,1368CaliJarim_GhadatRashid,1,undirected
1368CaliJarim_MarahWalid,1368CaliJarim_HatifMinAndalus,51,undirected
1368CaliJarim_MarahWalid,1368CaliJarim_KhatimatMataf,137,undirected
1368CaliJarim_MarahWalid,1368CaliJarim_SayyidatQusur,43,undirected
1368CaliJarim_MarahWalid,1368CaliJarim_ShacirMalik,100,undirected
1368CaliJarim_MarahWalid,1368CaliJarim_ShacirTamuh,33,undirected
1368CaliJarim_SahmMasmum,1349JibranKhalilJibran_ArwahMutamarrida,8,undirected
1368CaliJarim_SahmMasmum,1368CaliJarim_FarisBaniHamdan,123,undirected
1368CaliJarim_SahmMasmum,1368CaliJarim_FarisMulaththam,161,undirected
1368CaliJarim_SahmMasmum,1368CaliJarim_GhadatRashid,13,undirected
1368CaliJarim_SahmMasmum,1368CaliJarim_HatifMinAndalus,96,undirected
1368CaliJarim_SahmMasmum,1368CaliJarim_KhatimatMataf,4,undirected
1368CaliJarim_SahmMasmum,1368CaliJarim_ShacirMalik,2,undirected
1368CaliJarim_SayyidatQusur,1368CaliJarim_FarisBaniHamdan,5,undirected
1368CaliJarim_SayyidatQusur,1368CaliJarim_FarisMulaththam,5,undirected
1368CaliJarim_SayyidatQusur,1368CaliJarim_GhadatRashid,178,undirected
1368CaliJarim_SayyidatQusur,1368CaliJarim_HatifMinAndalus,42,undirected
1368CaliJarim_SayyidatQusur,1368CaliJarim_KhatimatMataf,173,undirected
1368CaliJarim_SayyidatQusur,1368CaliJarim_MarahWalid,43,undirected
1368CaliJarim_SayyidatQusur,1368CaliJarim_ShacirMalik,144,undirected
1368CaliJarim_SayyidatQusur,1368CaliJarim_ShacirTamuh,36,undirected
1368CaliJarim_ShacirMalik,1349JibranKhalilJibran_ArwahMutamarrida,2,undirected
1368CaliJarim_ShacirMalik,1368CaliJarim_FarisBaniHamdan,19,undirected
1368CaliJarim_ShacirMalik,1368CaliJarim_GhadatRashid,3,undirected
1368CaliJarim_ShacirMalik,1368CaliJarim_HatifMinAndalus,42,undirected
1368CaliJarim_ShacirMalik,1368CaliJarim_KhatimatMataf,56,undirected
1368CaliJarim_ShacirMalik,1368CaliJarim_MarahWalid,100,undirected
1368CaliJarim_ShacirMalik,1368CaliJarim_SahmMasmum,2,undirected
1368CaliJarim_ShacirMalik,1368CaliJarim_SayyidatQusur,144,undirected
1368CaliJarim_ShacirMalik,1368CaliJarim_ShacirTamuh,37,undirected
1368CaliJarim_ShacirTamuh,1368CaliJarim_FarisBaniHamdan,57,undirected
1368CaliJarim_ShacirTamuh,1368CaliJarim_FarisMulaththam,18,undirected
1368CaliJarim_ShacirTamuh,1368CaliJarim_GhadatRashid,24,undirected
1368CaliJarim_ShacirTamuh,1368CaliJarim_HatifMinAndalus,157,undirected
1368CaliJarim_ShacirTamuh,1368CaliJarim_KhatimatMataf,296,undirected
1368CaliJarim_ShacirTamuh,1368CaliJarim_MarahWalid,33,undirected
1368CaliJarim_ShacirTamuh,1368CaliJarim_SayyidatQusur,36,undirected
1368CaliJarim_ShacirTamuh,1368CaliJarim_ShacirMalik,37,undirected
1368IbrahimCabdQadirMazini_CaMashi,1368IbrahimCabdQadirMazini_CawdIlaBad,236,undirected
1368IbrahimCabdQadirMazini_CaMashi,1368IbrahimCabdQadirMazini_FiTariq,300,undirected
1368IbrahimCabdQadirMazini_CaMashi,1368IbrahimCabdQadirMazini_IbrahimThani,50,undirected
1368IbrahimCabdQadirMazini_CaMashi,1368IbrahimCabdQadirMazini_ThalathatRijalWaImraa,75,undirected
1368IbrahimCabdQadirMazini_CawdIlaBad,1368IbrahimCabdQadirMazini_CaMashi,236,undirected
1368IbrahimCabdQadirMazini_CawdIlaBad,1368IbrahimCabdQadirMazini_FiTariq,137,undirected
1368IbrahimCabdQadirMazini_CawdIlaBad,1368IbrahimCabdQadirMazini_IbrahimThani,1,undirected
1368IbrahimCabdQadirMazini_CawdIlaBad,1368IbrahimCabdQadirMazini_ThalathatRijalWaImraa,49,undirected
1368IbrahimCabdQadirMazini_CawdIlaBad,1375MuhammadHusaynHaykal_HakadhaKhuliqat,2,undirected
1368IbrahimCabdQadirMazini_FiTariq,1368IbrahimCabdQadirMazini_CaMashi,300,undirected
1368IbrahimCabdQadirMazini_FiTariq,1368IbrahimCabdQadirMazini_CawdIlaBad,137,undirected
1368IbrahimCabdQadirMazini_FiTariq,1368IbrahimCabdQadirMazini_IbrahimKatib,67,undirected
1368IbrahimCabdQadirMazini_FiTariq,1368IbrahimCabdQadirMazini_IbrahimThani,140,undirected
1368IbrahimCabdQadirMazini_FiTariq,1368IbrahimCabdQadirMazini_ThalathatRijalWaImraa,169,undirected
1368IbrahimCabdQadirMazini_IbrahimKatib,1368IbrahimCabdQadirMazini_FiTariq,67,undirected
1368IbrahimCabdQadirMazini_IbrahimKatib,1368IbrahimCabdQadirMazini_IbrahimThani,193,undirected
1368IbrahimCabdQadirMazini_IbrahimKatib,1368IbrahimCabdQadirMazini_ThalathatRijalWaImraa,83,undirected
1368IbrahimCabdQadirMazini_IbrahimThani,1368IbrahimCabdQadirMazini_CaMashi,50,undirected
1368IbrahimCabdQadirMazini_IbrahimThani,1368IbrahimCabdQadirMazini_CawdIlaBad,1,undirected
1368IbrahimCabdQadirMazini_IbrahimThani,1368IbrahimCabdQadirMazini_FiTariq,140,undirected
1368IbrahimCabdQadirMazini_IbrahimThani,1368IbrahimCabdQadirMazini_IbrahimKatib,193,undirected
1368IbrahimCabdQadirMazini_IbrahimThani,1368IbrahimCabdQadirMazini_ThalathatRijalWaImraa,300,undirected
1368IbrahimCabdQadirMazini_ThalathatRijalWaImraa,1368IbrahimCabdQadirMazini_CaMashi,75,undirected
1368IbrahimCabdQadirMazini_ThalathatRijalWaImraa,1368IbrahimCabdQadirMazini_CawdIlaBad,49,undirected
1368IbrahimCabdQadirMazini_ThalathatRijalWaImraa,1368IbrahimCabdQadirMazini_FiTariq,169,undirected
1368IbrahimCabdQadirMazini_ThalathatRijalWaImraa,1368IbrahimCabdQadirMazini_IbrahimKatib,83,undirected
1368IbrahimCabdQadirMazini_ThalathatRijalWaImraa,1368IbrahimCabdQadirMazini_IbrahimThani,300,undirected
1373NiqulaHaddad_AdamJadid,1373NiqulaHaddad_AsrarMisr,90,undirected
1373NiqulaHaddad_AdamJadid,1373NiqulaHaddad_FatinatImbaratur,284,undirected
1373NiqulaHaddad_AdamJadid,1373NiqulaHaddad_HaqibaZarqa,40,undirected
1373NiqulaHaddad_AdamJadid,1373NiqulaHaddad_HawaJadida,59,undirected
1373NiqulaHaddad_AdamJadid,1373NiqulaHaddad_HukarMuhtalAmrikiCaziz,188,undirected
1373NiqulaHaddad_AdamJadid,1373NiqulaHaddad_ThawraFiJahannam,35,undirected
1373NiqulaHaddad_AdamJadid,1373NiqulaHaddad_WadacanAyyuhaMashriq,198,undirected
1373NiqulaHaddad_AsrarMisr,1373NiqulaHaddad_AdamJadid,90,undirected
1373NiqulaHaddad_AsrarMisr,1373NiqulaHaddad_HaqibaZarqa,269,undirected
1373NiqulaHaddad_AsrarMisr,1373NiqulaHaddad_HawaJadida,276,undirected
1373NiqulaHaddad_AsrarMisr,1373NiqulaHaddad_HukarMuhtalAmrikiCaziz,9,undirected
1373NiqulaHaddad_AsrarMisr,1373NiqulaHaddad_WadacanAyyuhaMashriq,15,undirected
1373NiqulaHaddad_DawlatSayyidatFiMamlakatNisa,1349JibranKhalilJibran_AjnihaMutakassira,49,undirected
1373NiqulaHaddad_DawlatSayyidatFiMamlakatNisa,1349JibranKhalilJibran_ArwahMutamarrida,78,undirected
1373NiqulaHaddad_DawlatSayyidatFiMamlakatNisa,1373NiqulaHaddad_FatinatImbaratur,149,undirected
1373NiqulaHaddad_DawlatSayyidatFiMamlakatNisa,1373NiqulaHaddad_ThawraFiJahannam,218,undirected
1373NiqulaHaddad_DawlatSayyidatFiMamlakatNisa,1373NiqulaHaddad_WadacanAyyuhaMashriq,83,undirected
1373NiqulaHaddad_FatinatImbaratur,1373NiqulaHaddad_AdamJadid,284,undirected
1373NiqulaHaddad_FatinatImbaratur,1373NiqulaHaddad_DawlatSayyidatFiMamlakatNisa,149,undirected
1373NiqulaHaddad_FatinatImbaratur,1373NiqulaHaddad_HukarMuhtalAmrikiCaziz,136,undirected
1373NiqulaHaddad_FatinatImbaratur,1373NiqulaHaddad_ThawraFiJahannam,11,undirected
1373NiqulaHaddad_FatinatImbaratur,1373NiqulaHaddad_WadacanAyyuhaMashriq,238,undirected
1373NiqulaHaddad_HaqibaZarqa,1373NiqulaHaddad_AdamJadid,40,undirected
1373NiqulaHaddad_HaqibaZarqa,1373NiqulaHaddad_AsrarMisr,269,undirected
1373NiqulaHaddad_HaqibaZarqa,1373NiqulaHaddad_HawaJadida,165,undirected
1373NiqulaHaddad_HaqibaZarqa,1373NiqulaHaddad_HukarMuhtalAmrikiCaziz,12,undirected
1373NiqulaHaddad_HaqibaZarqa,1373NiqulaHaddad_WadacanAyyuhaMashriq,6,undirected
1373NiqulaHaddad_HawaJadida,1349JibranKhalilJibran_AjnihaMutakassira,3,undirected
1373NiqulaHaddad_HawaJadida,1373NiqulaHaddad_AdamJadid,59,undirected
1373NiqulaHaddad_HawaJadida,1373NiqulaHaddad_AsrarMisr,276,undirected
1373NiqulaHaddad_HawaJadida,1373NiqulaHaddad_HaqibaZarqa,165,undirected
1373NiqulaHaddad_HawaJadida,1373NiqulaHaddad_WadacanAyyuhaMashriq,37,undirected
1373NiqulaHaddad_HawaJadida,1375MuhammadHusaynHaykal_HakadhaKhuliqat,1,undirected
1373NiqulaHaddad_HukarMuhtalAmrikiCaziz,1373NiqulaHaddad_AdamJadid,188,undirected
1373NiqulaHaddad_HukarMuhtalAmrikiCaziz,1373NiqulaHaddad_AsrarMisr,9,undirected
1373NiqulaHaddad_HukarMuhtalAmrikiCaziz,1373NiqulaHaddad_FatinatImbaratur,136,undirected
1373NiqulaHaddad_HukarMuhtalAmrikiCaziz,1373NiqulaHaddad_HaqibaZarqa,12,undirected
1373NiqulaHaddad_HukarMuhtalAmrikiCaziz,1373NiqulaHaddad_WadacanAyyuhaMashriq,63,undirected
1373NiqulaHaddad_ThawraFiJahannam,1349JibranKhalilJibran_AjnihaMutakassira,11,undirected
1373NiqulaHaddad_ThawraFiJahannam,1349JibranKhalilJibran_ArwahMutamarrida,61,undirected
1373NiqulaHaddad_ThawraFiJahannam,1373NiqulaHaddad_AdamJadid,35,undirected
1373NiqulaHaddad_ThawraFiJahannam,1373NiqulaHaddad_DawlatSayyidatFiMamlakatNisa,218,undirected
1373NiqulaHaddad_ThawraFiJahannam,1373NiqulaHaddad_FatinatImbaratur,11,undirected
1373NiqulaHaddad_ThawraFiJahannam,1373NiqulaHaddad_WadacanAyyuhaMashriq,115,undirected
1373NiqulaHaddad_WadacanAyyuhaMashriq,1373NiqulaHaddad_AdamJadid,198,undirected
1373NiqulaHaddad_WadacanAyyuhaMashriq,1373NiqulaHaddad_AsrarMisr,15,undirected
1373NiqulaHaddad_WadacanAyyuhaMashriq,1373NiqulaHaddad_DawlatSayyidatFiMamlakatNisa,83,undirected
1373NiqulaHaddad_WadacanAyyuhaMashriq,1373NiqulaHaddad_FatinatImbaratur,238,undirected
1373NiqulaHaddad_WadacanAyyuhaMashriq,1373NiqulaHaddad_HaqibaZarqa,6,undirected
1373NiqulaHaddad_WadacanAyyuhaMashriq,1373NiqulaHaddad_HawaJadida,37,undirected
1373NiqulaHaddad_WadacanAyyuhaMashriq,1373NiqulaHaddad_HukarMuhtalAmrikiCaziz,63,undirected
1373NiqulaHaddad_WadacanAyyuhaMashriq,1373NiqulaHaddad_ThawraFiJahannam,115,undirected
1375MuhammadHusaynHaykal_HakadhaKhuliqat,1368IbrahimCabdQadirMazini_CawdIlaBad,2,undirected
1375MuhammadHusaynHaykal_HakadhaKhuliqat,1373NiqulaHaddad_HawaJadida,1,undirected
1375MuhammadHusaynHaykal_HakadhaKhuliqat,1375MuhammadHusaynHaykal_QisasMisriyya,300,undirected
1375MuhammadHusaynHaykal_HakadhaKhuliqat,1375MuhammadHusaynHaykal_Zaynab,9,undirected
1375MuhammadHusaynHaykal_HakadhaKhuliqat,1392TahaHusayn_Adib,100,undirected
1375MuhammadHusaynHaykal_HakadhaKhuliqat,1392TahaHusayn_DucaKarawan,37,undirected
1375MuhammadHusaynHaykal_HakadhaKhuliqat,1392TahaHusayn_OedipusAndTheseus,1,undirected
1375MuhammadHusaynHaykal_QisasMisriyya,1331JurjiZaydan_JihadMuhibbin,20,undirected
1375MuhammadHusaynHaykal_QisasMisriyya,1375MuhammadHusaynHaykal_HakadhaKhuliqat,300,undirected
1375MuhammadHusaynHaykal_QisasMisriyya,1375MuhammadHusaynHaykal_Zaynab,227,undirected
1375MuhammadHusaynHaykal_QisasMisriyya,1392TahaHusayn_MucadhdhabunaFiArd,12,undirected
1375MuhammadHusaynHaykal_QisasMisriyya,1392TahaHusayn_ShajaratBus,34,undirected
1375MuhammadHusaynHaykal_Zaynab,1342MustafaLutfiManfaluti_Cabarat,19,undirected
1375MuhammadHusaynHaykal_Zaynab,1342MustafaLutfiManfaluti_Fadila,111,undirected
1375MuhammadHusaynHaykal_Zaynab,1342MustafaLutfiManfaluti_Majdulin,10,undirected
1375MuhammadHusaynHaykal_Zaynab,1349JibranKhalilJibran_AjnihaMutakassira,8,undirected
1375MuhammadHusaynHaykal_Zaynab,1375MuhammadHusaynHaykal_HakadhaKhuliqat,9,undirected
1375MuhammadHusaynHaykal_Zaynab,1375MuhammadHusaynHaykal_QisasMisriyya,227,undirected
1375MuhammadHusaynHaykal_Zaynab,1392TahaHusayn_MucadhdhabunaFiArd,33,undirected
1392TahaHusayn_Adib,1375MuhammadHusaynHaykal_HakadhaKhuliqat,100,undirected
1392TahaHusayn_Adib,1392TahaHusayn_AhlamShahrazad,4,undirected
1392TahaHusayn_Adib,1392TahaHusayn_DucaKarawan,300,undirected
1392TahaHusayn_Adib,1392TahaHusayn_MaWaraNahr,103,undirected
1392TahaHusayn_Adib,1392TahaHusayn_MucadhdhabunaFiArd,15,undirected
1392TahaHusayn_Adib,1392TahaHusayn_OedipusAndTheseus,182,undirected
1392TahaHusayn_AhlamShahrazad,1392TahaHusayn_Adib,4,undirected
1392TahaHusayn_AhlamShahrazad,1392TahaHusayn_DucaKarawan,21,undirected
1392TahaHusayn_AhlamShahrazad,1392TahaHusayn_JannatHayawan,169,undirected
1392TahaHusayn_AhlamShahrazad,1392TahaHusayn_MaWaraNahr,117,undirected
1392TahaHusayn_AhlamShahrazad,1392TahaHusayn_MucadhdhabunaFiArd,74,undirected
1392TahaHusayn_AhlamShahrazad,1392TahaHusayn_OedipusAndTheseus,1,undirected
1392TahaHusayn_AhlamShahrazad,1392TahaHusayn_ShajaratBus,1,undirected
1392TahaHusayn_DucaKarawan,1375MuhammadHusaynHaykal_HakadhaKhuliqat,37,undirected
1392TahaHusayn_DucaKarawan,1392TahaHusayn_Adib,300,undirected
1392TahaHusayn_DucaKarawan,1392TahaHusayn_AhlamShahrazad,21,undirected
1392TahaHusayn_DucaKarawan,1392TahaHusayn_MaWaraNahr,39,undirected
1392TahaHusayn_DucaKarawan,1392TahaHusayn_MucadhdhabunaFiArd,92,undirected
1392TahaHusayn_JannatHayawan,1392TahaHusayn_AhlamShahrazad,169,undirected
1392TahaHusayn_JannatHayawan,1392TahaHusayn_MaWaraNahr,246,undirected
1392TahaHusayn_JannatHayawan,1392TahaHusayn_MucadhdhabunaFiArd,300,undirected
1392TahaHusayn_JannatHayawan,1392TahaHusayn_OedipusAndTheseus,37,undirected
1392TahaHusayn_JannatHayawan,1392TahaHusayn_ShajaratBus,124,undirected
1392TahaHusayn_MaWaraNahr,1392TahaHusayn_Adib,103,undirected
1392TahaHusayn_MaWaraNahr,1392TahaHusayn_AhlamShahrazad,117,undirected
1392TahaHusayn_MaWaraNahr,1392TahaHusayn_DucaKarawan,39,undirected
1392TahaHusayn_MaWaraNahr,1392TahaHusayn_JannatHayawan,246,undirected
1392TahaHusayn_MaWaraNahr,1392TahaHusayn_MucadhdhabunaFiArd,175,undirected
1392TahaHusayn_MaWaraNahr,1392TahaHusayn_OedipusAndTheseus,104,undirected
1392TahaHusayn_MaWaraNahr,1392TahaHusayn_ShajaratBus,52,undirected
1392TahaHusayn_MucadhdhabunaFiArd,1375MuhammadHusaynHaykal_QisasMisriyya,12,undirected
1392TahaHusayn_MucadhdhabunaFiArd,1375MuhammadHusaynHaykal_Zaynab,33,undirected
1392TahaHusayn_MucadhdhabunaFiArd,1392TahaHusayn_Adib,15,undirected
1392TahaHusayn_MucadhdhabunaFiArd,1392TahaHusayn_AhlamShahrazad,74,undirected
1392TahaHusayn_MucadhdhabunaFiArd,1392TahaHusayn_DucaKarawan,92,undirected
1392TahaHusayn_MucadhdhabunaFiArd,1392TahaHusayn_JannatHayawan,300,undirected
1392TahaHusayn_MucadhdhabunaFiArd,1392TahaHusayn_MaWaraNahr,175,undirected
1392TahaHusayn_MucadhdhabunaFiArd,1392TahaHusayn_OedipusAndTheseus,10,undirected
1392TahaHusayn_MucadhdhabunaFiArd,1392TahaHusayn_ShajaratBus,229,undirected
1392TahaHusayn_OedipusAndTheseus,1375MuhammadHusaynHaykal_HakadhaKhuliqat,1,undirected
1392TahaHusayn_OedipusAndTheseus,1392TahaHusayn_Adib,182,undirected
1392TahaHusayn_OedipusAndTheseus,1392TahaHusayn_AhlamShahrazad,1,undirected
1392TahaHusayn_OedipusAndTheseus,1392TahaHusayn_JannatHayawan,37,undirected
1392TahaHusayn_OedipusAndTheseus,1392TahaHusayn_MaWaraNahr,104,undirected
1392TahaHusayn_OedipusAndTheseus,1392TahaHusayn_MucadhdhabunaFiArd,10,undirected
1392TahaHusayn_OedipusAndTheseus,1392TahaHusayn_ShajaratBus,5,undirected
1392TahaHusayn_ShajaratBus,1375MuhammadHusaynHaykal_QisasMisriyya,34,undirected
1392TahaHusayn_ShajaratBus,1392TahaHusayn_AhlamShahrazad,1,undirected
1392TahaHusayn_ShajaratBus,1392TahaHusayn_JannatHayawan,124,undirected
1392TahaHusayn_ShajaratBus,1392TahaHusayn_MaWaraNahr,52,undirected
1392TahaHusayn_ShajaratBus,1392TahaHusayn_MucadhdhabunaFiArd,229,undirected
1392TahaHusayn_ShajaratBus,1392TahaHusayn_OedipusAndTheseus,5,undirected
